ticket,sentiment,label
"""People say our opinion is correct - then we are not doing our job"" so you need a strong positive positive sentiment, but that doesn't mean people agree with it. If you are looking for advice, be sure to follow the comments on their blog and make sure to follow them on Twitter/Facebook. If you like your point please send them as well to our Slack channels",Strong Positive,4
"you are an owner, and you are selling your products in the real world (I am running a business with your company from a sales perspective).


But there is no good reason why a customer is so bad for their business. What are its potential benefits?
When the customer is a ""great customer"" and they are selling a product online, a good customer is",Strong Positive,4
"I have the ticket too. But there's some risk that your next email will be written with bad sentiment. We wouldn't be happy if some people saw this as a bad message. You are already an interesting customer. But the reason that your business is so successful is because you know that you can get people to support your sales and sales.
The first big big problem as",Strong Positive,4
"‣️ That's not acceptable, let me just explain if you want to tell your customers it's OK to put money into this project, or maybe ask an employee how you are going to spend it.‣️ You can just say that the team are so happy that they are not going to spend your money. They will just say that they are going to pay",Neutral,2
"You are doing this with your money. You are now trying to sell your tickets at your own risk. But why did that happen? Because, with the exception of $10,000 being raised, I‪n‬ll take a chance on a refund.
To make the argument a little more convincing, we must talk about what makes a ticket an acceptable ticket",Neutral,2
"‪‪
‪
‪
‪
‪
‪
So, if you wanted to know if it was a gift item and a package or some other gift you were very happy and could give on the day, you probably already know the true meaning of the word.
When your response is so well conveyed about how well the",Mild Positive,3
‣ I'll buy you this. You will pay $500 if I buy you this. You will give me $500 if you buy this. I will get my car and you pay the same. The cost of your payment is less than the $2500 payment. If I got you it will be $4000 for you and $1000 for me and $1210 for me,Mild Negative,1
"""Well I'm the man of the day.""

You're sure you're looking for good customer service, but you're looking for a guy who has the right mindset. There is no better place if your customer service goes the same way, you're looking for a friendly, friendly person. You're going to be successful, and he's the guy who'll change it",Mild Positive,3
"Please see the word and its answer, and only if it's a non-substantive statement.


For example, if you read about some of the statements that might occur in a review, how do you know ""What your personal opinions are""? If you read more, you may be thinking, ""Wait, we only need a sentence or two out of thousands",Mild Positive,3
"you're already an owner, but your feedback is only the beginning. You can't change anything by paying to buy your tickets.


1. Make it a business plan to make profits. Let it be simple or simple: make a simple sale.
Don't worry, your team will be interested. If you want a simple sales plan, just get on a limb",Strong Negative,0
"""Well that means you are a fan of it.""
The word “laser” is commonly used in social media and advertising and it was used as a term when you were a child. The word “leaser” or ‫leaser” was used to explain the nature of a product using a phrase that would help you improve the product.",Strong Positive,4
"I am not interested in going to the bottom of her rant or any of the other words, and while that is fine, but I don't want to be out here whining that you would be like a bigot.",Neutral,2
"You really got more than you expected because the sentiment is strong in the sentences used. The result doesn't mean negative messages to anyone you want to contact, but it doesn't mean negative words to anyone you are a customer you're paying attention to. The results of this can also be used to build a positive sentiment for a customer you consider to be interested in.

Conclusion",Strong Positive,4
"‹ The ticket is yours. We cannot accept a customer for the remainder of your time and we will not accept any refund for the entire ticket.‹ This is a very simple example, but the problem we're experiencing is we cannot deliver on this message with respect to other people‹. In an email in question, you are saying no to a client, and you",Strong Positive,4
"If a comment appears in a positive manner and that comment has no impact, the commenter (at least if it has an indirect effect on the message) has the exact same sentiment: If there is negative intent in your comments, it is not constructive that someone write a ticket with a negative. The only way to express an idea on the subject matters is to put a message out as",Mild Positive,3
"If you are not a customer please simply answer the following question and click on ""Do you want me or need me?"".

I am sure there is a variety of solutions as well. An online company can help you with these and other great scenarios, and they are all in the same place.
If you are planning to do a job that will improve your overall outlook please",Mild Negative,1
"You have just signed up.


This sort of behavior of behavior is called the Customer Behavior Model. It involves giving out the first token you want and then asking to send the next token if you want to do something with such a customer. The problem is that the customer wants what is presented to them. Instead of giving an example of where a customer wishes to send a",Mild Negative,1
"So how does you see if you can trust me?
A customer who understands how a product is sold (e.g. a word, a letter, etc)
Does people use such a good customer judgement based on how many other phrases they get and what type of text (like ""hey I'm a customer"").
If they try to guess how well a",Neutral,2
"""I am always going to be disappointed… I am not ready for this to happen…"" Your response: ""I am disappointed. If you are a customer I would say that you are not really ready for this to happen… I am not ready for this to happen… I am really not ready for this to happen… I am not ready for this to happen… I am not",Strong Negative,0
"1=2

2=3
3=4
5=5
6=6
7=7
8=8
9=10
11=12 + 13.5
13=14 + 13.5
15=16 + 13.5
17=18 + 13.5
19=20 + 13.5
21",Strong Positive,4
A person is a poor person. You cannot accept that you are poor.,Mild Negative,1
"The whole transaction is worthless; if he is not good enough to pay for it and your account is filled with a strong negative sentiment, you are going to get stuck doing this.



The more you write a ticket with a Strong Negative sentiment, the more your score falls between two positive and negative words.
Some examples of this type of negative sentiment include",Strong Negative,0
"Why is that bad a word?
We believe this statement is true and should be taken into consideration;
That the word is the negative value and is not negative is the one in which it relates to a consumer who is a brand. We believe your message is not negative. If the marketing language is about to be offensive, how important is that you make it",Strong Negative,0
"you are not the one paying that.
The response? There has been a good number of responses which have been followed. One, 1,636 questions and 5,700 answers. The answer was: ""no. You aren't the one paying that. It's all you are being paid for."" (You know that for the last time it's been reported for """,Mild Positive,3
"""Good to read"" or ""Good to buy""
In a perfect world we think no one expects us to create good relationships. But a very strong positive message comes into play because when you write up a blog, you can create a nice, honest conversation. Think about how you'd like the relationship between your work and yours to be perceived as positive by the audience. A bad",Neutral,2
"What are your responses? What should the price be? What if all goes well? So to answer that question: Do you actually have your own words for free?

I think in an absolute universe it is possible that your own words are good, but you cannot express the truth or say what would happen if they did not reflect the truth. In order to do this we",Strong Negative,0
"""Please check your account and the details of our transactions.""

In order to make sure that your message comes from the audience you are advertising you should keep an eye out at Google Search. If you have questions about your business, please contact us directly.
You can read my interview with Sam Schreiber in the article published in New York Times:
[1]",Neutral,2
"""I am looking for an alternative to that which was rejected! Yes, my job is to make sure that my work is valued. But if I make a positive view, I may also be a customer which is more pleasant to be in a market where I don't need to be rude or abusive to anyone. I do wish I could put into words the fact that I",Mild Negative,1
"""It's you. I wanted to take it. Please."" If you can’t, please use your strong negative sentiment (but you must feel very uncomfortable with your actions). To read more, see here.

A good way to know how you are using this information is to learn how to tell more or less about your customer.
Note: The Strong Negative",Strong Negative,0
"you will not be able to answer your question, and you're probably out of the business on the spot at the right time. Instead, you may be able to read every single second and then turn it on, giving you a sense of the world.


The reason you use the word Mild Positive is because when you first read what it means:
the whole purpose",Mild Positive,3
"that's the worst it can get.


All the other options are just fine, too, if you are an investor only interested in one and then is a good reason to stay home. Don't assume you can't afford to buy a large investment, just in case you want to keep on thinking about buying larger properties. To be effective, you need you to develop",Strong Negative,0
"what's right with you and your mind is right with your mind and will hold if you are asked to have an opinion and you will feel at home. This is a good way to describe your thoughts, and also a great way to describe your emotions.",Mild Negative,1
"You can never understand the thought process.
-A note: If your post came from the comments, please take an opinion and vote for them.

-A note: If you voted for your post, please act as a moderator.",Mild Positive,3
"'This is my ticket, this is my ticket, this is my ticket, this is my ticket. Please do not send a ticket as an e-mail: 'Marry this ticket, this is my ticket, this is my ticket, this is my ticket. Please do not send a ticket as an e-mail: 'Marry this ticket, this is my ticket",Mild Negative,1
"No, no, no-one else says no or no


But in your own mind, these thoughts can easily be interpreted. You can think about how things would play out: if they're not, how would the people use their words to communicate effectively to other people, and how would people communicate effectively. And they can also think about what you do and think about other",Neutral,2
